country_name,code,century,decade,year,tot_africa,tot_asia,tot_oceania,tot_developed,tot_latam
Burundi,108,19,9,0,272528,0,0,963,0
Comoros,174,19,9,0,11060,0,0,543,0
Djibouti,262,19,9,0,114621,289,0,0,0
Eritrea,232,19,9,0,9644,47,0,142,0
Ethiopia,231,19,9,0,741623,68,0,0,0
Kenya,404,19,9,0,190929,0,0,0,0
Madagascar,450,19,9,0,8179,2652,0,6672,0
Malawi,454,19,9,0,1094691,1362,0,769,0
Mauritius,480,19,9,0,240,1069,0,1894,0
Mayotte,175,19,9,0,11374,0,0,1359,0
Mozambique,508,19,9,0,47311,2009,0,6499,0
R<e9>union,638,19,9,0,6588,0,0,37516,0
Rwanda,646,19,9,0,139650,0,0,0,0
Seychelles,690,19,9,0,441,1781,0,705,20
Somalia,706,19,9,0,460000,0,0,0,0
South Sudan,728,19,9,0,0,0,0,0,0
Uganda,800,19,9,0,531215,1888,0,3477,0
United Republic of Tanzania,834,19,9,0,561375,5375,0,2639,0
Zambia,894,19,9,0,262236,4384,0,3276,0
Zimbabwe,716,19,9,0,579810,0,0,19136,0
Angola,24,19,9,0,18887,0,0,5298,0
Cameroon,120,19,9,0,200667,0,0,11808,0
Central African Republic,140,19,9,0,45869,11,0,11427,0
Chad,148,19,9,0,67129,0,0,886,0
Congo,178,19,9,0,110639,641,0,10035,164
Democratic Republic of the Congo,180,19,9,0,549597,0,0,0,0
Equatorial Guinea,226,19,9,0,736,0,0,1478,0
Gabon,266,19,9,0,117159,1003,0,5411,0
Sao Tome and Principe,678,19,9,0,1027,0,0,206,0
Algeria,12,19,9,0,177958,18050,0,24629,0
Egypt,818,19,9,0,23717,35303,0,47905,829
Libya,434,19,9,0,67619,96885,0,133934,848
Morocco,504,19,9,0,16502,3493,0,23175,0
Sudan,729,19,9,0,1363287,3937,0,0,0
Tunisia,788,19,9,0,22656,375,0,6631,0
Western Sahara,732,19,9,0,2440,0,0,140,0
Botswa0,72,19,9,0,16926,3384,0,5474,0
Lesotho,426,19,9,0,3596,778,0,95,0
0mibia,516,19,9,0,80585,7247,0,26707,1991
South Africa,710,19,9,0,750843,37568,106,262164,4061
Swaziland,748,19,9,0,67523,0,0,297,0
Benin,204,19,9,0,55635,0,0,506,0
Burki0 Faso,854,19,9,0,83103,0,0,0,0
Cabo Verde,132,19,9,0,5039,41,0,1876,179
C<f4>te d'Ivoire,384,19,9,0,1789305,0,0,0,0
Gambia,270,19,9,0,114683,0,0,0,0
Gha0,288,19,9,0,145404,1243,0,2159,7
Guinea,324,19,9,0,392926,1897,0,4534,309
Guinea-Bissau,624,19,9,0,13535,0,0,836,0
Liberia,430,19,9,0,59733,5004,0,7680,0
Mali,466,19,9,0,90756,301,0,3306,0
Mauritania,478,19,9,0,108329,877,0,384,203
Niger,562,19,9,0,100780,0,0,0,0
Nigeria,566,19,9,0,299556,0,0,0,0
Saint Hele0,654,19,9,0,71,0,0,274,0
Senegal,686,19,9,0,216638,2088,0,12836,536
Sierra Leone,694,19,9,0,216844,2897,0,1372,0
Togo,768,19,9,0,70083,247,0,2112,0
Kazakhstan,398,19,9,0,0,271329,0,3347871,0
Kyrgyzstan,417,19,9,0,0,102224,0,506496,0
Tajikistan,762,19,9,0,273,55551,0,372375,37
Turkmenistan,795,19,9,0,0,168949,0,135426,0
Uzbekistan,860,19,9,0,0,73600,0,1503833,0
Chi0,156,19,9,0,0,250609,0,33499,14292
"Chi0, Hong Kong Special Administrative Region",344,19,9,0,0,1950051,0,50214,0
"Chi0, Macao Special Administrative Region",446,19,9,0,0,187897,0,3489,0
Democratic People's Republic of Korea,408,19,9,0,0,29118,0,1328,566
Japan,392,19,9,0,1159,920993,0,73372,70170
Mongolia,496,19,9,0,0,2695,0,3341,0
Republic of Korea,410,19,9,0,0,22146,0,18775,0
Brunei Darussalam,96,19,9,0,0,69580,0,2820,0
Cambodia,116,19,9,0,0,32235,0,447,0
Indonesia,360,19,9,0,0,311751,0,49340,0
Lao People's Democratic Republic,418,19,9,0,0,22056,0,18,0
Malaysia,458,19,9,0,51,597968,0,11285,0
Myanmar,104,19,9,0,0,120047,0,0,0
Philippines,608,19,9,0,1808,94753,67,31146,645
Singapore,702,19,9,0,0,437510,0,8184,0
Thailand,764,19,9,0,2,506342,0,22327,0
Timor-Leste,626,19,9,0,0,6769,0,886,237
Viet 0m,704,19,9,0,0,26692,0,706,0
Afghanistan,4,19,9,0,0,50671,0,0,0
Bangladesh,50,19,9,0,0,590065,0,50931,552
Bhutan,64,19,9,0,0,21722,0,260,0
India,356,19,9,0,15069,7308582,2385,36616,0
Iran (Islamic Republic of),364,19,9,0,0,4290497,0,0,0
Maldives,462,19,9,0,15,7407,0,1013,0
Nepal,524,19,9,0,0,411030,0,0,0
Pakistan,586,19,9,0,0,6203799,0,0,0
Sri Lanka,144,19,9,0,4,39690,0,241,0
Armenia,51,19,9,0,0,484826,0,79836,0
Azerbaijan,31,19,9,0,0,311939,0,45139,0
Bahrain,48,19,9,0,28087,138263,0,2298,0
Cyprus,196,19,9,0,3191,12429,1,27498,162
Georgia,268,19,9,0,0,53432,0,276988,0
Iraq,368,19,9,0,15408,33373,0,210,0
Israel,376,19,9,0,287760,309609,0,830915,37871
Jordan,400,19,9,0,174514,110541,0,6667,161
Kuwait,414,19,9,0,177443,846911,0,14253,0
Lebanon,422,19,9,0,79354,49720,0,1611,0
Oman,512,19,9,0,23721,270560,0,5071,0
Qatar,634,19,9,0,17456,275423,0,4204,0
Saudi Arabia,682,19,9,0,597326,4233353,0,0,0
State of Palestine,275,19,9,0,18770,238579,0,8436,0
Syrian Arab Republic,760,19,9,0,200,3825,0,0,0
Turkey,792,19,9,0,3230,99047,0,875657,231
United Arab Emirates,784,19,9,0,212803,1041786,0,17414,0
Yemen,887,19,9,0,79802,7887,0,0,0
Belarus,112,19,9,0,38,150390,0,1098166,167
Bulgaria,100,19,9,0,265,4686,2,13924,113
Czech Republic,203,19,9,0,441,5686,5,103836,353
Hungary,348,19,9,0,1207,12440,0,321711,844
Poland,616,19,9,0,2740,16116,0,1052782,1462
Republic of Moldova,498,19,9,0,0,32016,0,495108,0
Romania,642,19,9,0,18,5578,0,121150,10
Russian Federation,643,19,9,0,14728,6594047,0,4895760,7169
Slovakia,703,19,9,0,60,553,0,40496,61
Ukraine,804,19,9,0,2100,809455,0,5668055,0
Channel Islands,830,19,9,0,0,0,0,60399,0
Denmark,208,19,9,0,10002,74723,38,129870,5019
Estonia,233,19,9,0,0,18433,0,362922,0
Faeroe Islands,234,19,9,0,13,98,0,3864,28
Finland,246,19,9,0,2003,6021,7,52084,932
Iceland,352,19,9,0,207,801,0,8129,152
Ireland,372,19,9,0,3126,4079,10,219861,716
Isle of Man,833,19,9,0,303,0,0,32837,0
Latvia,428,19,9,0,36,5703,0,640194,59
Lithuania,440,19,9,0,8,28787,0,306971,158
Norway,578,19,9,0,11239,53736,12,110653,9992
Sweden,752,19,9,0,42480,196205,74,433887,44048
United Kingdom of Great Britain and Northern Ireland,826,19,9,0,465406,1189394,777,1665944,201036
Albania,8,19,9,0,0,2489,0,56214,0
Andorra,20,19,9,0,296,146,0,37463,154
Bosnia and Herzegovi0,70,19,9,0,0,0,0,54542,0
Croatia,191,19,9,0,0,0,0,371186,440
Gibraltar,292,19,9,0,2021,0,0,5417,0
Greece,300,19,9,0,26052,234215,44,348565,5972
Holy See,336,19,9,0,0,0,0,0,0
Italy,380,19,9,0,410320,184831,26,702261,115041
Malta,470,19,9,0,715,865,0,12901,51
Montenegro,499,19,9,0,0,0,0,0,0
Portugal,620,19,9,0,237374,4889,0,119370,39534
San Marino,674,19,9,0,0,0,0,3117,86
Serbia,688,19,9,0,37,459,0,98615,24
Slovenia,705,19,9,0,56,134,0,177707,127
Spain,724,19,9,0,168511,34960,19,407582,191541
The former Yugoslav Republic of Macedonia,807,19,9,0,1969,11417,0,80231,0
Austria,40,19,9,0,25418,154812,64,600622,11310
Belgium,56,19,9,0,182500,101549,8,583729,8217
France,250,19,9,0,2259380,732001,524,2722764,114670
Germany,276,19,9,0,209408,2098084,0,3243038,47974
Liechtenstein,438,19,9,0,0,848,0,9993,36
Luxembourg,442,19,9,0,663,2254,0,108648,614
Mo0co,492,19,9,0,0,0,0,11565,0
Netherlands,528,19,9,0,158760,419288,13,358190,180027
Switzerland,756,19,9,0,56777,139672,291,908864,49430
Anguilla,660,19,9,0,0,0,0,440,901
Antigua and Barbuda,28,19,9,0,77,284,0,2309,4457
Aruba,533,19,9,0,0,618,0,2698,7024
Bahamas,44,19,9,0,89,384,0,7616,14805
Barbados,52,19,9,0,0,441,0,4792,12542
"Bo0ire, Sint Eustatius and Saba",535,19,9,0,0,464,0,8659,21613
British Virgin Islands,92,19,9,0,0,32,0,1287,3433
Cayman Islands,136,19,9,0,49,144,0,3400,5641
Cuba,192,19,9,0,321,781,0,21027,7263
Cura<e7>ao,531,19,9,0,0,0,0,0,0
Dominica,212,19,9,0,18,42,0,570,1060
Dominican Republic,214,19,9,0,320,6067,0,43096,237968
Gre0da,308,19,9,0,0,0,0,85,2520
Guadeloupe,312,19,9,0,74,318,0,33382,22370
Haiti,332,19,9,0,0,348,0,6868,10223
Jamaica,388,19,9,0,0,711,0,11184,5511
Martinique,474,19,9,0,45,136,0,29857,6558
Montserrat,500,19,9,0,0,0,0,385,507
Puerto Rico,630,19,9,0,69,1279,0,235904,73096
Saint Kitts and Nevis,659,19,9,0,0,0,0,0,926
Saint Lucia,662,19,9,0,23,94,0,885,1946
Saint Vincent and the Gre0dines,670,19,9,0,0,0,0,1116,1742
Sint Maarten (Dutch part),534,19,9,0,0,0,0,0,0
Trinidad and Tobago,780,19,9,0,271,1424,0,5687,36852
Turks and Caicos Islands,796,19,9,0,0,0,0,862,3619
United States Virgin Islands,850,19,9,0,0,0,0,14246,11275
Belize,84,19,9,0,30,880,0,2794,25610
Costa Rica,188,19,9,0,191,2511,6,17894,188389
El Salvador,222,19,9,0,0,738,0,11036,35083
Guatemala,320,19,9,0,22,848,0,8664,254241
Honduras,340,19,9,0,0,594,0,4218,265232
Mexico,484,19,9,0,734,6195,0,252366,433205
Nicaragua,558,19,9,0,218,140,0,6261,33447
Pa0ma,591,19,9,0,64,13271,0,9075,39640
Argenti0,32,19,9,0,1975,29951,28,705741,690294
Bolivia (Pluri0tio0l State of),68,19,9,0,122,1952,2,13099,56938
Brazil,76,19,9,0,10047,34945,0,598039,103929
Chile,152,19,9,0,649,5350,34,38194,61264
Colombia,170,19,9,0,409,5392,190,33517,63311
Ecuador,218,19,9,0,171,1810,0,18946,57138
Falkland Islands (Malvi0s),238,19,9,0,0,0,0,723,70
French Guia0,254,19,9,0,95,1881,0,15544,42030
Guya0,328,19,9,0,0,263,0,508,2729
Paraguay,600,19,9,0,0,7115,0,10896,168130
Peru,604,19,9,0,144,4509,0,25339,33558
Suri0me,740,19,9,0,0,2055,0,1312,7214
Uruguay,858,19,9,0,0,0,0,62277,29589
Venezuela (Bolivarian Republic of),862,19,9,0,2602,32133,0,280620,701398
Bermuda,60,19,9,0,75,400,0,12948,1449
Ca0da,124,19,9,0,182394,1110204,15805,2555456,406651
Greenland,304,19,9,0,0,6,0,9083,0
Saint Pierre and Miquelon,666,19,9,0,0,0,0,945,0
United States of America,840,19,9,0,321660,4742821,40752,5617467,9436363
Australia,36,19,9,0,148203,924911,52729,2730379,67524
New Zealand,554,19,9,0,7525,56564,72676,336969,2198
Fiji,242,19,9,0,0,4953,2308,3276,0
New Caledonia,540,19,9,0,1538,2392,5879,20000,0
Papua New Guinea,598,19,9,0,38,9888,644,20487,0
Solomon Islands,90,19,9,0,0,644,1468,822,0
Vanuatu,548,19,9,0,0,0,486,1079,0
Guam,316,19,9,0,0,30180,2962,30445,194
Kiribati,296,19,9,0,0,0,221,172,0
Marshall Islands,584,19,9,0,0,160,135,633,0
Micronesia (Federated States of),583,19,9,0,0,243,73,300,0
0uru,520,19,9,0,0,604,260,234,0
Northern Maria0 Islands,580,19,9,0,0,18446,2782,1918,923
Palau,585,19,9,0,0,1900,318,384,0
American Samoa,16,19,9,0,0,681,16028,3747,0
Cook Islands,184,19,9,0,0,0,156,2346,0
French Polynesia,258,19,9,0,605,596,1959,19226,0
Niue,570,19,9,0,0,0,109,255,0
Samoa,882,19,9,0,0,93,153,1675,0
Tokelau,772,19,9,0,0,0,114,110,0
Tonga,776,19,9,0,0,231,539,50,0
Tuvalu,798,19,9,0,0,0,135,41,0
Wallis and Futu0 Islands,876,19,9,0,35,0,1013,327,0
Burundi,108,19,9,5,213186,0,0,931,0
Comoros,174,19,9,5,10949,0,0,538,0
Djibouti,262,19,9,5,93568,236,0,0,0
Eritrea,232,19,9,5,9617,107,0,197,0
Ethiopia,231,19,9,5,529789,89,0,0,0
Kenya,404,19,9,5,457766,0,0,0,0
Madagascar,450,19,9,5,7242,2349,0,5908,0
Malawi,454,19,9,5,184685,2683,0,1639,0
Mauritius,480,19,9,5,434,5006,0,1457,0
Mayotte,175,19,9,5,22215,0,0,2791,0
Mozambique,508,19,9,5,76532,2775,0,7215,0
R<e9>union,638,19,9,5,14244,0,0,50738,0
Rwanda,646,19,9,5,210742,0,0,0,0
Seychelles,690,19,9,5,1114,2767,0,607,26
Somalia,706,19,9,5,18044,0,0,0,0
South Sudan,728,19,9,5,0,0,0,0,0
Uganda,800,19,9,5,607951,1852,0,3409,0
United Republic of Tanzania,834,19,9,5,1089827,6825,0,3353,0
Zambia,894,19,9,5,225891,3982,0,2579,0
Zimbabwe,716,19,9,5,375319,0,0,18132,0
Angola,24,19,9,5,22817,0,0,6156,0
Cameroon,120,19,9,5,186692,0,0,10986,0
Central African Republic,140,19,9,5,61378,16,0,14516,0
Chad,148,19,9,5,81748,0,0,963,0
Congo,178,19,9,5,176921,741,0,7729,190
Democratic Republic of the Congo,180,19,9,5,1578614,0,0,0,0
Equatorial Guinea,226,19,9,5,976,0,0,1958,0
Gabon,266,19,9,5,140037,1200,0,6469,0
Sao Tome and Principe,678,19,9,5,1291,0,0,212,0
Algeria,12,19,9,5,178513,21000,0,14701,0
Egypt,818,19,9,5,24806,38103,0,37881,687
Libya,434,19,9,5,95633,139066,0,88944,771
Morocco,504,19,9,5,15142,3206,0,21263,0
Sudan,729,19,9,5,1012989,4015,0,0,0
Tunisia,788,19,9,5,22505,377,0,6581,0
Western Sahara,732,19,9,5,2710,0,0,155,0
Botswa0,72,19,9,5,27248,4085,0,3861,0
Lesotho,426,19,9,5,3261,672,0,91,0
0mibia,516,19,9,5,77049,6923,0,25529,1901
South Africa,710,19,9,5,696902,34621,65,216667,3533
Swaziland,748,19,9,5,22891,0,0,124,0
Benin,204,19,9,5,80283,0,0,743,0
Burki0 Faso,854,19,9,5,103350,0,0,0,0
Cabo Verde,132,19,9,5,6627,55,0,1985,243
C<f4>te d'Ivoire,384,19,9,5,2033092,0,0,0,0
Gambia,270,19,9,5,146646,0,0,0,0
Gha0,288,19,9,5,233496,1239,0,2153,7
Guinea,324,19,9,5,762185,2185,0,5223,355
Guinea-Bissau,624,19,9,5,25343,0,0,1074,0
Liberia,430,19,9,5,175207,4889,0,7500,0
Mali,466,19,9,5,94787,190,0,3161,0
Mauritania,478,19,9,5,86036,933,0,407,216
Niger,562,19,9,5,133138,0,0,0,0
Nigeria,566,19,9,5,361537,0,0,0,0
Saint Hele0,654,19,9,5,73,0,0,282,0
Senegal,686,19,9,5,231423,2182,0,13423,560
Sierra Leone,694,19,9,5,100114,2824,0,1335,0
Togo,768,19,9,5,86795,278,0,1837,0
Kazakhstan,398,19,9,5,0,303125,0,2942125,0
Kyrgyzstan,417,19,9,5,0,86075,0,412538,0
Tajikistan,762,19,9,5,221,46987,0,300633,30
Turkmenistan,795,19,9,5,0,168497,0,101552,0
Uzbekistan,860,19,9,5,0,70581,0,1363325,0
Chi0,156,19,9,5,0,267121,0,38188,38753
"Chi0, Hong Kong Special Administrative Region",344,19,9,5,0,2092159,0,60714,0
"Chi0, Macao Special Administrative Region",446,19,9,5,0,206742,0,2760,0
Democratic People's Republic of Korea,408,19,9,5,0,28878,0,1388,1347
Japan,392,19,9,5,3101,1044905,0,91121,219838
Mongolia,496,19,9,5,0,2971,0,3676,0
Republic of Korea,410,19,9,5,340,86310,0,31657,0
Brunei Darussalam,96,19,9,5,0,80846,0,3024,0
Cambodia,116,19,9,5,0,85305,0,1175,0
Indonesia,360,19,9,5,0,277156,0,32644,0
Lao People's Democratic Republic,418,19,9,5,0,20893,0,18,0
Malaysia,458,19,9,5,121,830784,0,12917,0
Myanmar,104,19,9,5,0,99848,0,0,0
Philippines,608,19,9,5,3283,97547,656,53447,3418
Singapore,702,19,9,5,0,784124,0,9731,0
Thailand,764,19,9,5,9,787171,0,22501,0
Timor-Leste,626,19,9,5,0,7366,0,947,257
Viet 0m,704,19,9,5,0,47606,0,2197,0
Afghanistan,4,19,9,5,0,55794,0,0,0
Bangladesh,50,19,9,5,0,632989,0,62493,5387
Bhutan,64,19,9,5,0,25521,0,307,0
India,356,19,9,5,10419,6785030,1298,27732,0
Iran (Islamic Republic of),364,19,9,5,0,2876948,0,0,0
Maldives,462,19,9,5,24,16720,0,1082,0
Nepal,524,19,9,5,0,651911,0,0,0
Pakistan,586,19,9,5,0,3665602,0,0,0
Sri Lanka,144,19,9,5,48,37710,0,1448,3
Armenia,51,19,9,5,0,608068,0,46718,0
Azerbaijan,31,19,9,5,0,301347,0,39618,0
Bahrain,48,19,9,5,30523,166334,0,2265,0
Cyprus,196,19,9,5,4521,17585,2,38893,234
Georgia,268,19,9,5,0,45396,0,226625,0
Iraq,368,19,9,5,18612,82976,0,248,0
Israel,376,19,9,5,314188,321194,0,850185,44048
Jordan,400,19,9,5,233307,151454,0,8857,180
Kuwait,414,19,9,5,140756,734876,0,10392,0
Lebanon,422,19,9,5,105684,68080,0,2493,0
Oman,512,19,9,5,36169,478284,0,6631,0
Qatar,634,19,9,5,16809,323768,0,4200,0
Saudi Arabia,682,19,9,5,612177,4338596,0,0,0
State of Palestine,275,19,9,5,18345,233144,0,8244,0
Syrian Arab Republic,760,19,9,5,393,3128,0,0,0
Turkey,792,19,9,5,3398,94337,0,970955,559
United Arab Emirates,784,19,9,5,268933,1472751,0,19705,0
Yemen,887,19,9,5,93534,7458,0,0,0
Belarus,112,19,9,5,59,142903,0,1042824,209
Bulgaria,100,19,9,5,475,6927,6,22575,241
Czech Republic,203,19,9,5,665,8512,10,155760,535
Hungary,348,19,9,5,2380,17175,1,292280,1467
Poland,616,19,9,5,2334,13765,0,900546,1245
Republic of Moldova,498,19,9,5,0,21614,0,334119,0
Romania,642,19,9,5,29,10963,0,111792,15
Russian Federation,643,19,9,5,13486,6724031,0,5171335,6856
Slovakia,703,19,9,5,290,2010,0,66547,186
Ukraine,804,19,9,5,2031,831820,0,4938626,0
Channel Islands,830,19,9,5,0,0,0,59282,0
Denmark,208,19,9,5,19618,103139,46,153477,7101
Estonia,233,19,9,5,0,14228,0,300949,0
Faeroe Islands,234,19,9,5,7,103,0,2552,45
Finland,246,19,9,5,4939,11509,10,79911,1322
Iceland,352,19,9,5,325,1513,2,10279,269
Ireland,372,19,9,5,11634,15572,30,196909,2273
Isle of Man,833,19,9,5,345,0,0,34894,0
Latvia,428,19,9,5,45,13710,0,524219,101
Lithuania,440,19,9,5,9,16752,0,242917,177
Norway,578,19,9,5,15799,68951,17,126117,11692
Sweden,752,19,9,5,50417,232840,87,514895,52272
United Kingdom of Great Britain and Northern Ireland,826,19,9,5,611045,1425566,3076,1756760,233683
Albania,8,19,9,5,0,2690,0,60762,0
Andorra,20,19,9,5,383,222,0,38824,181
Bosnia and Herzegovi0,70,19,9,5,0,0,0,68250,0
Croatia,191,19,9,5,0,0,0,563248,466
Gibraltar,292,19,9,5,1564,0,0,5551,0
Greece,300,19,9,5,38182,244268,50,566732,5979
Holy See,336,19,9,5,0,0,0,0,0
Italy,380,19,9,5,500775,263815,82,835305,153058
Malta,470,19,9,5,844,1026,0,15138,62
Montenegro,499,19,9,5,0,0,0,0,0
Portugal,620,19,9,5,264491,10551,0,159986,55992
San Marino,674,19,9,5,0,0,0,3460,94
Serbia,688,19,9,5,281,2979,0,625910,186
Slovenia,705,19,9,5,112,274,0,173759,197
Spain,724,19,9,5,210759,37504,32,493840,252765
The former Yugoslav Republic of Macedonia,807,19,9,5,1843,13247,0,92827,0
Austria,40,19,9,5,28689,174606,72,677613,12766
Belgium,56,19,9,5,164984,90705,8,604375,8805
France,250,19,9,5,2332522,755670,543,2810743,118386
Germany,276,19,9,5,237931,2508343,0,4313746,65545
Liechtenstein,438,19,9,5,0,1038,0,12161,51
Luxembourg,442,19,9,5,682,2133,0,121042,578
Mo0co,492,19,9,5,0,0,0,11581,0
Netherlands,528,19,9,5,200664,469844,17,399092,199011
Switzerland,756,19,9,5,69900,159137,258,1012438,63556
Anguilla,660,19,9,5,0,0,0,630,1213
Antigua and Barbuda,28,19,9,5,128,354,0,2931,8714
Aruba,533,19,9,5,0,1082,0,3621,12624
Bahamas,44,19,9,5,172,448,0,8062,20438
Barbados,52,19,9,5,0,481,0,5230,13691
"Bo0ire, Sint Eustatius and Saba",535,19,9,5,0,968,0,9193,24042
British Virgin Islands,92,19,9,5,0,38,0,1514,4038
Cayman Islands,136,19,9,5,106,309,0,4877,8782
Cuba,192,19,9,5,243,593,0,15940,5508
Cura<e7>ao,531,19,9,5,0,0,0,0,0
Dominica,212,19,9,5,24,56,0,752,1391
Dominican Republic,214,19,9,5,359,6744,0,47877,264315
Gre0da,308,19,9,5,0,0,0,145,3184
Guadeloupe,312,19,9,5,99,426,0,42577,21073
Haiti,332,19,9,5,0,410,0,8084,12032
Jamaica,388,19,9,5,0,962,0,12178,6211
Martinique,474,19,9,5,68,205,0,35881,8257
Montserrat,500,19,9,5,0,0,0,311,404
Puerto Rico,630,19,9,5,72,1816,0,237933,86101
Saint Kitts and Nevis,659,19,9,5,0,0,0,0,1226
Saint Lucia,662,19,9,5,27,123,0,1187,2613
Saint Vincent and the Gre0dines,670,19,9,5,0,0,0,1170,1811
Sint Maarten (Dutch part),534,19,9,5,0,0,0,0,0
Trinidad and Tobago,780,19,9,5,246,1291,0,5161,33458
Turks and Caicos Islands,796,19,9,5,0,0,0,1165,4736
United States Virgin Islands,850,19,9,5,0,0,0,14965,13416
Belize,84,19,9,5,31,1165,0,2767,28354
Costa Rica,188,19,9,5,126,2413,5,14986,186086
El Salvador,222,19,9,5,0,582,0,8648,29919
Guatemala,320,19,9,5,21,1336,0,8262,146122
Honduras,340,19,9,5,0,619,0,5404,143042
Mexico,484,19,9,5,744,8604,0,331764,113967
Nicaragua,558,19,9,5,175,114,0,4973,20262
Pa0ma,591,19,9,5,89,14165,0,10199,45485
Argenti0,32,19,9,5,1930,27450,28,571042,786237
Bolivia (Pluri0tio0l State of),68,19,9,5,128,1857,5,13898,65884
Brazil,76,19,9,5,10570,34054,0,533416,111863
Chile,152,19,9,5,797,5736,168,40448,92536
Colombia,170,19,9,5,384,5094,185,33673,66229
Ecuador,218,19,9,5,194,2235,0,21855,75513
Falkland Islands (Malvi0s),238,19,9,5,0,0,0,718,78
French Guia0,254,19,9,5,94,2111,0,18324,45113
Guya0,328,19,9,5,0,422,0,817,4179
Paraguay,600,19,9,5,0,5445,0,11632,160816
Peru,604,19,9,5,128,3943,0,22122,29286
Suri0me,740,19,9,5,0,2538,0,1621,8911
Uruguay,858,19,9,5,0,0,0,53473,33162
Venezuela (Bolivarian Republic of),862,19,9,5,2209,32870,0,244769,731842
Bermuda,60,19,9,5,141,593,0,13448,1662
Ca0da,124,19,9,5,236490,1547374,19377,2514707,490840
Greenland,304,19,9,5,0,20,0,6929,0
Saint Pierre and Miquelon,666,19,9,5,0,0,0,1147,0
United States of America,840,19,9,5,527431,6161345,55091,5788470,13182210
Australia,36,19,9,5,161609,1047328,61275,2757076,71957
New Zealand,554,19,9,5,13568,99196,74508,343081,2710
Fiji,242,19,9,5,0,4925,2273,3096,0
New Caledonia,540,19,9,5,1782,2771,6813,23178,0
Papua New Guinea,598,19,9,5,38,10127,657,20987,0
Solomon Islands,90,19,9,5,0,640,1453,815,0
Vanuatu,548,19,9,5,0,0,447,1004,0
Guam,316,19,9,5,0,34554,4962,25994,194
Kiribati,296,19,9,5,0,0,248,171,0
Marshall Islands,584,19,9,5,0,298,168,716,0
Micronesia (Federated States of),583,19,9,5,0,219,71,271,0
0uru,520,19,9,5,0,558,240,215,0
Northern Maria0 Islands,580,19,9,5,0,23468,2946,2260,1133
Palau,585,19,9,5,0,3216,540,653,0
American Samoa,16,19,9,5,0,1014,17481,3777,0
Cook Islands,184,19,9,5,0,0,163,2434,0
French Polynesia,258,19,9,5,664,653,2150,21112,0
Niue,570,19,9,5,0,0,138,219,0
Samoa,882,19,9,5,0,84,258,2319,0
Tokelau,772,19,9,5,0,0,114,109,0
Tonga,776,19,9,5,0,259,606,56,0
Tuvalu,798,19,9,5,0,0,111,34,0
Wallis and Futu0 Islands,876,19,9,5,43,0,1164,440,0
Burundi,108,20,0,0,111209,0,0,712,0
Comoros,174,20,0,0,10840,0,0,532,0
Djibouti,262,20,0,0,94253,238,0,0,0
Eritrea,232,20,0,0,9589,168,0,254,0
Ethiopia,231,20,0,0,418386,127,0,0,0
Kenya,404,20,0,0,546271,0,0,0,0
Madagascar,450,20,0,0,8050,2610,0,6567,0
Malawi,454,20,0,0,177801,2583,0,1578,0
Mauritius,480,20,0,0,870,11738,0,1846,0
Mayotte,175,20,0,0,39872,0,0,5080,0
Mozambique,508,20,0,0,97355,3239,0,7139,0
R<e9>union,638,20,0,0,22557,0,0,66309,0
Rwanda,646,20,0,0,337752,0,0,0,0
Seychelles,690,20,0,0,1792,3757,0,513,33
Somalia,706,20,0,0,555,0,0,0,0
South Sudan,728,20,0,0,0,0,0,0,0
Uganda,800,20,0,0,621287,5748,0,4595,0
United Republic of Tanzania,834,20,0,0,909368,7187,0,3533,0
Zambia,894,20,0,0,309728,3634,0,2079,0
Zimbabwe,716,20,0,0,338192,0,0,23747,0
Angola,24,20,0,0,26740,0,0,7014,0
Cameroon,120,20,0,0,172716,0,0,10163,0
Central African Republic,140,20,0,0,71554,21,0,16347,0
Chad,148,20,0,0,96364,0,0,1039,0
Congo,178,20,0,0,290592,1039,0,7494,266
Democratic Republic of the Congo,180,20,0,0,498651,0,0,0,0
Equatorial Guinea,226,20,0,0,1213,0,0,2437,0
Gabon,266,20,0,0,179035,1533,0,8271,0
Sao Tome and Principe,678,20,0,0,1571,0,0,218,0
Algeria,12,20,0,0,179078,23946,0,4770,0
Egypt,818,20,0,0,27861,43927,0,30865,597
Libya,434,20,0,0,125243,183559,0,45439,708
Morocco,504,20,0,0,15949,3378,0,22396,0
Sudan,729,20,0,0,760658,4097,0,0,0
Tunisia,788,20,0,0,18381,445,0,7662,0
Western Sahara,732,20,0,0,2986,0,0,171,0
Botswa0,72,20,0,0,40436,5216,0,2653,0
Lesotho,426,20,0,0,3070,544,0,85,0
0mibia,516,20,0,0,98879,6451,0,23733,1773
South Africa,710,20,0,0,688812,41545,45,232491,4028
Swaziland,748,20,0,0,19325,0,0,179,0
Benin,204,20,0,0,104933,0,0,979,0
Burki0 Faso,854,20,0,0,102284,0,0,0,0
Cabo Verde,132,20,0,0,8208,68,0,2088,304
C<f4>te d'Ivoire,384,20,0,0,1941787,0,0,0,0
Gambia,270,20,0,0,177198,0,0,0,0
Gha0,288,20,0,0,169920,1385,0,2406,8
Guinea,324,20,0,0,546742,2363,0,5652,383
Guinea-Bissau,624,20,0,0,17052,0,0,1309,0
Liberia,430,20,0,0,120813,4798,0,7368,0
Mali,466,20,0,0,80406,76,0,2662,0
Mauritania,478,20,0,0,53405,961,0,416,223
Niger,562,20,0,0,111123,0,0,0,0
Nigeria,566,20,0,0,437977,0,0,0,0
Saint Hele0,654,20,0,0,76,0,0,291,0
Senegal,686,20,0,0,181006,2045,0,12133,506
Sierra Leone,694,20,0,0,93120,2752,0,1299,0
Togo,768,20,0,0,120510,313,0,1612,0
Kazakhstan,398,20,0,0,0,334927,0,2536373,0
Kyrgyzstan,417,20,0,0,0,68594,0,312143,0
Tajikistan,762,20,0,0,191,42686,0,256030,26
Turkmenistan,795,20,0,0,0,134577,0,81114,0
Uzbekistan,860,20,0,0,0,69018,0,1254835,0
Chi0,156,20,0,0,0,283641,0,42879,63215
"Chi0, Hong Kong Special Administrative Region",344,20,0,0,0,2234258,0,71206,0
"Chi0, Macao Special Administrative Region",446,20,0,0,0,221895,0,1983,0
Democratic People's Republic of Korea,408,20,0,0,0,28630,0,1444,2128
Japan,392,20,0,0,4501,1229997,0,108994,305399
Mongolia,496,20,0,0,0,3287,0,4074,0
Republic of Korea,410,20,0,0,790,177959,0,54622,0
Brunei Darussalam,96,20,0,0,0,92108,0,3225,0
Cambodia,116,20,0,0,0,138384,0,1895,0
Indonesia,360,20,0,0,0,242569,0,15950,0
Lao People's Democratic Republic,418,20,0,0,0,17743,0,17,0
Malaysia,458,20,0,0,204,1150834,0,15910,0
Myanmar,104,20,0,0,0,85376,0,0,0
Philippines,608,20,0,0,5681,127419,1429,90597,7153
Singapore,702,20,0,0,0,1206640,0,12225,0
Thailand,764,20,0,0,24,1230394,0,27336,0
Timor-Leste,626,20,0,0,0,8024,0,1021,282
Viet 0m,704,20,0,0,0,47560,0,5816,0
Afghanistan,4,20,0,0,0,60918,0,0,0
Bangladesh,50,20,0,0,0,675907,0,74053,10221
Bhutan,64,20,0,0,0,29321,0,352,0
India,356,20,0,0,5767,6261467,0,18842,0
Iran (Islamic Republic of),364,20,0,0,0,2638875,0,0,0
Maldives,462,20,0,0,33,24893,0,1095,0
Nepal,524,20,0,0,0,680689,0,0,0
Pakistan,586,20,0,0,0,4178579,0,0,0
Sri Lanka,144,20,0,0,95,35706,0,2681,8
Armenia,51,20,0,0,0,593696,0,26953,0
Azerbaijan,31,20,0,0,0,285122,0,39928,0
Bahrain,48,20,0,0,33053,194892,0,2243,0
Cyprus,196,20,0,0,5834,22721,0,50266,294
Georgia,268,20,0,0,0,37351,0,176255,0
Iraq,368,20,0,0,17638,75994,0,235,0
Israel,376,20,0,0,323024,314792,0,821846,47759
Jordan,400,20,0,0,292092,192349,0,11024,197
Kuwait,414,20,0,0,158746,908284,0,10573,0
Lebanon,422,20,0,0,132027,86434,0,3370,0
Oman,512,20,0,0,38453,551585,0,6328,0
Qatar,634,20,0,0,13665,323853,0,3573,0
Saudi Arabia,682,20,0,0,628991,4457754,0,0,0
State of Palestine,275,20,0,0,17915,227714,0,8052,0
Syrian Arab Republic,760,20,0,0,534,2001,0,0,0
Turkey,792,20,0,0,3746,98834,0,1068535,901
United Arab Emirates,784,20,0,0,340548,1988493,0,23134,0
Yemen,887,20,0,0,102089,7809,0,0,0
Belarus,112,20,0,0,80,135449,0,987468,250
Bulgaria,100,20,0,0,665,9151,0,31203,358
Czech Republic,203,20,0,0,880,11367,0,207673,711
Hungary,348,20,0,0,3537,21891,0,262827,2078
Poland,616,20,0,0,2004,11783,0,770355,1069
Republic of Moldova,498,20,0,0,0,14455,0,225614,0
Romania,642,20,0,0,40,15767,0,96414,21
Russian Federation,643,20,0,0,11788,6610001,0,5259408,6307
Slovakia,703,20,0,0,618,4051,0,110786,371
Ukraine,804,20,0,0,1988,864360,0,4269480,0
Channel Islands,830,20,0,0,0,0,0,62987,0
Denmark,208,20,0,0,29206,131537,0,177158,9170
Estonia,233,20,0,0,0,10020,0,238979,0
Faeroe Islands,234,20,0,0,7,113,0,3154,50
Finland,246,20,0,0,7853,16976,0,107720,1694
Iceland,352,20,0,0,422,2206,0,12494,371
Ireland,372,20,0,0,26545,35627,0,282200,5077
Isle of Man,833,20,0,0,387,0,0,36950,0
Latvia,428,20,0,0,63,21736,0,408205,148
Lithuania,440,20,0,0,6,13115,0,190270,137
Norway,578,20,0,0,22389,85861,0,154031,13953
Sweden,752,20,0,0,54092,249723,0,552201,56072
United Kingdom of Great Britain and Northern Ireland,826,20,0,0,767011,1685753,0,1877159,270294
Albania,8,20,0,0,0,2892,0,65310,0
Andorra,20,20,0,0,471,297,0,40184,209
Bosnia and Herzegovi0,70,20,0,0,0,0,0,81959,0
Croatia,191,20,0,0,0,0,0,479722,441
Gibraltar,292,20,0,0,1107,0,0,5684,0
Greece,300,20,0,0,50944,258334,0,794206,6089
Holy See,336,20,0,0,0,0,0,0,0
Italy,380,20,0,0,591210,342777,0,968414,191063
Malta,470,20,0,0,1064,1288,0,18267,75
Montenegro,499,20,0,0,0,0,0,0,0
Portugal,620,20,0,0,302372,16671,0,207142,74738
San Marino,674,20,0,0,0,0,0,3792,104
Serbia,688,20,0,0,421,4064,0,850828,271
Slovenia,705,20,0,0,183,441,0,169953,282
Spain,724,20,0,0,348323,61965,0,785684,421153
The former Yugoslav Republic of Macedonia,807,20,0,0,1717,18717,0,103902,0
Austria,40,20,0,0,31936,194469,0,754585,14206
Belgium,56,20,0,0,142684,77221,0,607526,9141
France,250,20,0,0,2405637,779317,0,2898801,122084
Germany,276,20,0,0,266440,2918583,0,5384433,83107
Liechtenstein,438,20,0,0,1,1214,0,14106,68
Luxembourg,442,20,0,0,717,2049,0,134594,555
Mo0co,492,20,0,0,0,0,0,11614,0
Netherlands,528,20,0,0,249483,536436,0,453931,224778
Switzerland,756,20,0,0,83331,179226,0,1119738,77942
Anguilla,660,20,0,0,0,0,0,818,1523
Antigua and Barbuda,28,20,0,0,177,420,0,3547,12958
Aruba,533,20,0,0,0,1544,0,4543,18222
Bahamas,44,20,0,0,258,516,0,8482,26086
Barbados,52,20,0,0,0,522,0,5670,14838
"Bo0ire, Sint Eustatius and Saba",535,20,0,0,0,1475,0,9732,26457
British Virgin Islands,92,20,0,0,0,43,0,1739,4640
Cayman Islands,136,20,0,0,169,475,0,6337,11932
Cuba,192,20,0,0,165,403,0,10848,3746
Cura<e7>ao,531,20,0,0,0,0,0,0,0
Dominica,212,20,0,0,29,67,0,896,1659
Dominican Republic,214,20,0,0,392,7410,0,52637,290647
Gre0da,308,20,0,0,0,0,0,205,3851
Guadeloupe,312,20,0,0,124,531,0,51767,19770
Haiti,332,20,0,0,0,471,0,9297,13836
Jamaica,388,20,0,0,0,1213,0,13185,6903
Martinique,474,20,0,0,91,276,0,41894,9960
Montserrat,500,20,0,0,0,0,0,231,305
Puerto Rico,630,20,0,0,77,2370,0,240547,99336
Saint Kitts and Nevis,659,20,0,0,0,0,0,0,1696
Saint Lucia,662,20,0,0,41,172,0,1636,3598
Saint Vincent and the Gre0dines,670,20,0,0,0,0,0,1220,1884
Sint Maarten (Dutch part),534,20,0,0,0,0,0,0,0
Trinidad and Tobago,780,20,0,0,267,1265,0,6673,28023
Turks and Caicos Islands,796,20,0,0,0,0,0,1468,5850
United States Virgin Islands,850,20,0,0,0,0,0,15712,15589
Belize,84,20,0,0,32,1447,0,2737,31105
Costa Rica,188,20,0,0,121,3520,0,19566,276831
El Salvador,222,20,0,0,0,423,0,6279,24741
Guatemala,320,20,0,0,20,1818,0,7851,37997
Honduras,340,20,0,0,0,639,0,6584,20866
Mexico,484,20,0,0,792,11406,0,425440,96491
Nicaragua,558,20,0,0,297,202,0,5005,23473
Pa0ma,591,20,0,0,125,15968,0,11993,54215
Argenti0,32,20,0,0,1885,24952,0,436356,882192
Bolivia (Pluri0tio0l State of),68,20,0,0,114,1721,0,14545,74135
Brazil,76,20,0,0,11092,33158,0,468781,119783
Chile,152,20,0,0,918,6108,0,42683,123892
Colombia,170,20,0,0,358,4793,0,33812,69133
Ecuador,218,20,0,0,214,2652,0,24753,93878
Falkland Islands (Malvi0s),238,20,0,0,0,0,0,787,104
French Guia0,254,20,0,0,93,2340,0,21103,48194
Guya0,328,20,0,0,0,580,0,1124,5625
Paraguay,600,20,0,0,0,3759,0,12337,152947
Peru,604,20,0,0,154,4618,0,25870,34234
Suri0me,740,20,0,0,0,3135,0,2002,11006
Uruguay,858,20,0,0,0,0,0,44299,37178
Venezuela (Bolivarian Republic of),862,20,0,0,1888,33861,0,211806,759694
Bermuda,60,20,0,0,204,782,0,13959,1872
Ca0da,124,20,0,0,296216,2021338,0,2533745,586700
Greenland,304,20,0,0,0,45,0,6321,0
Saint Pierre and Miquelon,666,20,0,0,0,0,0,1276,0
United States of America,840,20,0,0,754784,7831763,0,6196126,17453063
Australia,36,20,0,0,187630,1180010,0,2797030,74350
New Zealand,554,20,0,0,33712,145736,0,350963,1955
Fiji,242,20,0,0,0,4868,0,2887,0
New Caledonia,540,20,0,0,2027,3152,0,26359,0
Papua New Guinea,598,20,0,0,28,7577,0,15710,0
Solomon Islands,90,20,0,0,0,612,0,779,0
Vanuatu,548,20,0,0,0,0,0,958,0
Guam,316,20,0,0,0,38926,0,21541,193
Kiribati,296,20,0,0,0,0,0,172,0
Marshall Islands,584,20,0,0,0,464,0,856,0
Micronesia (Federated States of),583,20,0,0,0,205,0,252,0
0uru,520,20,0,0,0,513,0,198,0
Northern Maria0 Islands,580,20,0,0,0,29918,0,2742,1413
Palau,585,20,0,0,0,4112,0,806,0
American Samoa,16,20,0,0,0,1345,0,3807,0
Cook Islands,184,20,0,0,0,0,0,2525,0
French Polynesia,258,20,0,0,710,700,0,22575,0
Niue,570,20,0,0,0,0,0,186,0
Samoa,882,20,0,0,0,75,0,2952,0
Tokelau,772,20,0,0,0,0,0,115,0
Tonga,776,20,0,0,0,292,0,66,0
Tuvalu,798,20,0,0,0,0,0,28,0
Wallis and Futu0 Islands,876,20,0,0,53,0,0,594,0
Burundi,108,20,0,5,156242,0,0,698,0
Comoros,174,20,0,5,10376,0,0,509,0
Djibouti,262,20,0,5,86362,218,0,0,0
Eritrea,232,20,0,5,10439,208,0,369,0
Ethiopia,231,20,0,5,351908,107,0,0,0
Kenya,404,20,0,5,633412,0,0,0,0
Madagascar,450,20,0,5,8910,2891,0,7269,0
Malawi,454,20,0,5,169429,2462,0,1504,0
Mauritius,480,20,0,5,1648,14723,0,2032,0
Mayotte,175,20,0,5,54300,0,0,7789,0
Mozambique,508,20,0,5,113759,3403,0,5688,0
R<e9>union,638,20,0,5,26800,0,0,75927,0
Rwanda,646,20,0,5,409872,0,0,0,0
Seychelles,690,20,0,5,1899,5955,0,678,36
Somalia,706,20,0,5,1159,0,0,0,0
South Sudan,728,20,0,5,0,0,0,0,0
Uganda,800,20,0,5,639627,5710,0,4560,0
United Republic of Tanzania,834,20,0,5,749566,7815,0,3931,0
Zambia,894,20,0,5,221053,4415,0,2525,0
Zimbabwe,716,20,0,5,300983,0,0,19394,0
Angola,24,20,0,5,36278,0,0,9070,0
Cameroon,120,20,0,5,234599,0,0,7061,0
Central African Republic,140,20,0,5,54711,16,0,12496,0
Chad,148,20,0,5,341365,0,0,719,0
Congo,178,20,0,5,306075,661,0,4765,169
Democratic Republic of the Congo,180,20,0,5,436289,0,0,0,0
Equatorial Guinea,226,20,0,5,1770,0,0,3555,0
Gabon,266,20,0,5,196017,1678,0,9057,0
Sao Tome and Principe,678,20,0,5,1233,0,0,171,0
Algeria,12,20,0,5,147454,33739,0,6723,0
Egypt,818,20,0,5,50668,52299,0,36747,711
Libya,434,20,0,5,137991,202247,0,50058,780
Morocco,504,20,0,5,16358,3465,0,22967,0
Sudan,729,20,0,5,497763,4287,0,0,0
Tunisia,788,20,0,5,17678,426,0,7376,0
Western Sahara,732,20,0,5,3532,0,0,202,0
Botswa0,72,20,0,5,61067,8755,0,7197,0
Lesotho,426,20,0,5,3129,554,0,86,0
0mibia,516,20,0,5,78170,5092,0,18753,1399
South Africa,710,20,0,5,845178,49769,0,278384,4811
Swaziland,748,20,0,5,21991,0,0,248,0
Benin,204,20,0,5,134568,0,0,1256,0
Burki0 Faso,854,20,0,5,99595,0,0,0,0
Cabo Verde,132,20,0,5,8808,50,0,2572,372
C<f4>te d'Ivoire,384,20,0,5,1945405,0,0,0,0
Gambia,270,20,0,5,176630,0,0,0,0
Gha0,288,20,0,5,255870,1949,0,3383,11
Guinea,324,20,0,5,203656,4300,0,10287,696
Guinea-Bissau,624,20,0,5,17836,0,0,1269,0
Liberia,430,20,0,5,64940,2398,0,3289,0
Mali,466,20,0,5,127348,307,0,10856,0
Mauritania,478,20,0,5,53902,966,0,416,224
Niger,562,20,0,5,113125,0,0,0,0
Nigeria,566,20,0,5,581729,0,0,0,0
Saint Hele0,654,20,0,5,88,0,0,332,0
Senegal,686,20,0,5,183578,2159,0,13052,544
Sierra Leone,694,20,0,5,144614,2688,0,1268,0
Togo,768,20,0,5,180045,352,0,1430,0
Kazakhstan,398,20,0,5,0,406588,0,2696374,0
Kyrgyzstan,417,20,0,5,0,56868,0,249073,0
Tajikistan,762,20,0,5,182,37277,0,242653,24
Turkmenistan,795,20,0,5,0,131225,0,79090,0
Uzbekistan,860,20,0,5,0,65936,0,1181048,0
Chi0,156,20,0,5,0,431381,0,47303,69741
"Chi0, Hong Kong Special Administrative Region",344,20,0,5,0,2449861,0,74173,0
"Chi0, Macao Special Administrative Region",446,20,0,5,0,257730,0,1717,0
Democratic People's Republic of Korea,408,20,0,5,0,32848,0,1732,2564
Japan,392,20,0,5,5853,1548485,0,119051,273832
Mongolia,496,20,0,5,0,6928,0,3873,0
Republic of Korea,410,20,0,5,1473,396686,0,65405,0
Brunei Darussalam,96,20,0,5,0,94161,0,3296,0
Cambodia,116,20,0,5,0,108021,0,1478,0
Indonesia,360,20,0,5,0,211516,0,43709,0
Lao People's Democratic Republic,418,20,0,5,0,16439,0,16,0
Malaysia,458,20,0,5,528,1560328,0,22542,0
Myanmar,104,20,0,5,0,72323,0,0,0
Philippines,608,20,0,5,4207,97399,0,81427,4258
Singapore,702,20,0,5,0,1505961,0,20659,0
Thailand,764,20,0,5,78,2137853,0,25108,0
Timor-Leste,626,20,0,5,0,8537,0,1094,299
Viet 0m,704,20,0,5,0,41834,0,6149,0
Afghanistan,4,20,0,5,0,67045,0,0,0
Bangladesh,50,20,0,5,0,824821,0,87883,12165
Bhutan,64,20,0,5,0,36749,0,442,0
India,356,20,0,5,5330,5785239,0,17412,0
Iran (Islamic Republic of),364,20,0,5,0,2288550,0,0,0
Maldives,462,20,0,5,27,41704,0,1032,0
Nepal,524,20,0,5,0,644651,0,0,0
Pakistan,586,20,0,5,0,3167999,0,0,0
Sri Lanka,144,20,0,5,190,32426,0,5195,18
Armenia,51,20,0,5,0,421489,0,17830,0
Azerbaijan,31,20,0,5,0,261840,0,37890,0
Bahrain,48,20,0,5,52263,332990,0,3235,0
Cyprus,196,20,0,5,8540,33257,0,73573,429
Georgia,268,20,0,5,0,35535,0,159810,0
Iraq,368,20,0,5,20219,57087,0,269,0
Israel,376,20,0,5,327094,292465,0,743190,52570
Jordan,400,20,0,5,195358,495446,0,15914,285
Kuwait,414,20,0,5,170672,1076431,0,11280,0
Lebanon,422,20,0,5,115950,136223,0,2640,0
Oman,512,20,0,5,35065,597530,0,5627,0
Qatar,634,20,0,5,65165,548528,0,4490,0
Saudi Arabia,682,20,0,5,776989,5506635,0,0,0
State of Palestine,275,20,0,5,18579,217788,0,7978,0
Syrian Arab Republic,760,20,0,5,1347,356970,0,0,0
Turkey,792,20,0,5,3927,101931,0,1100173,924
United Arab Emirates,784,20,0,5,427241,2699924,0,26424,0
Yemen,887,20,0,5,125120,9320,0,0,0
Belarus,112,20,0,5,77,133506,0,972822,241
Bulgaria,100,20,0,5,975,12837,0,44816,539
Czech Republic,203,20,0,5,2547,49148,0,269216,1348
Hungary,348,20,0,5,4371,27045,0,324638,2570
Poland,616,20,0,5,2752,15067,0,679749,1309
Republic of Moldova,498,20,0,5,0,10367,0,158143,0
Romania,642,20,0,5,46,17051,0,113896,23
Russian Federation,643,20,0,5,10925,6730665,0,4913033,5300
Slovakia,703,20,0,5,700,4558,0,124185,421
Ukraine,804,20,0,5,1816,789787,0,3901176,0
Channel Islands,830,20,0,5,0,0,0,68807,0
Denmark,208,20,0,5,32752,158700,0,211512,11702
Estonia,233,20,0,5,0,10492,0,222694,0
Faeroe Islands,234,20,0,5,25,188,0,3962,63
Finland,246,20,0,5,15109,36289,0,135343,3334
Iceland,352,20,0,5,588,3399,0,20480,591
Ireland,372,20,0,5,39115,58426,0,481214,9186
Isle of Man,833,20,0,5,485,0,0,39111,0
Latvia,428,20,0,5,85,19982,0,356459,182
Lithuania,440,20,0,5,47,12733,0,182273,146
Norway,578,20,0,5,35746,119993,0,175280,17486
Sweden,752,20,0,5,67656,316274,0,580791,63189
United Kingdom of Great Britain and Northern Ireland,826,20,0,5,973502,2108658,0,2403869,304596
Albania,8,20,0,5,0,2441,0,55129,0
Andorra,20,20,0,5,549,392,0,46838,642
Bosnia and Herzegovi0,70,20,0,5,0,0,0,46518,0
Croatia,191,20,0,5,338,649,0,515127,608
Gibraltar,292,20,0,5,1020,0,0,6472,0
Greece,300,20,0,5,53014,271914,0,856598,6656
Holy See,336,20,0,5,0,0,0,0,0
Italy,380,20,0,5,794358,604139,0,2102171,399299
Malta,470,20,0,5,1270,1548,0,20601,94
Montenegro,499,20,0,5,0,0,0,0,0
Portugal,620,20,0,5,308999,24195,0,260101,119486
San Marino,674,20,0,5,0,0,0,3972,97
Serbia,688,20,0,5,478,4019,0,839171,288
Slovenia,705,20,0,5,188,731,0,195695,471
Spain,724,20,0,5,718417,200444,0,1493458,1614061
The former Yugoslav Republic of Macedonia,807,20,0,5,1765,19250,0,105281,0
Austria,40,20,0,5,35705,228030,0,855133,15888
Belgium,56,20,0,5,129220,79680,0,632692,11446
France,250,20,0,5,3244075,794517,0,2339440,233770
Germany,276,20,0,5,333607,3394390,0,6244068,150197
Liechtenstein,438,20,0,5,23,1014,0,17327,169
Luxembourg,442,20,0,5,617,1790,0,146185,477
Mo0co,492,20,0,5,0,0,0,11149,0
Netherlands,528,20,0,5,291526,592308,0,501059,244217
Switzerland,756,20,0,5,94338,206269,0,1294661,92414
Anguilla,660,20,0,5,0,0,0,943,1754
Antigua and Barbuda,28,20,0,5,192,452,0,3806,13902
Aruba,533,20,0,5,0,1967,0,4868,20293
Bahamas,44,20,0,5,324,1176,0,11128,31026
Barbados,52,20,0,5,0,510,0,4848,14545
"Bo0ire, Sint Eustatius and Saba",535,20,0,5,0,1570,0,10365,28183
British Virgin Islands,92,20,0,5,0,50,0,1993,5316
Cayman Islands,136,20,0,5,159,1466,0,6611,13108
Cuba,192,20,0,5,165,401,0,10802,3729
Cura<e7>ao,531,20,0,5,0,0,0,0,0
Dominica,212,20,0,5,35,81,0,1103,2034
Dominican Republic,214,20,0,5,310,5048,0,48211,315717
Gre0da,308,20,0,5,0,0,0,215,4032
Guadeloupe,312,20,0,5,137,628,0,54693,23172
Haiti,332,20,0,5,0,556,0,10968,16322
Jamaica,388,20,0,5,0,1183,0,12844,6728
Martinique,474,20,0,5,95,288,0,43852,10423
Montserrat,500,20,0,5,0,0,0,240,314
Puerto Rico,630,20,0,5,60,2280,0,229433,103829
Saint Kitts and Nevis,659,20,0,5,0,0,0,0,1930
Saint Lucia,662,20,0,5,46,198,0,1903,4180
Saint Vincent and the Gre0dines,670,20,0,5,0,0,0,1245,1924
Sint Maarten (Dutch part),534,20,0,5,0,676,0,587,7834
Trinidad and Tobago,780,20,0,5,286,1356,0,7160,30081
Turks and Caicos Islands,796,20,0,5,0,0,0,1520,6629
United States Virgin Islands,850,20,0,5,0,0,0,16281,16043
Belize,84,20,0,5,35,1768,0,3661,34674
Costa Rica,188,20,0,5,83,2305,0,12818,182467
El Salvador,222,20,0,5,0,451,0,6630,28663
Guatemala,320,20,0,5,24,2167,0,9322,45226
Honduras,340,20,0,5,0,627,0,6440,20443
Mexico,484,20,0,5,901,13149,0,584169,110013
Nicaragua,558,20,0,5,433,302,0,5126,27220
Pa0ma,591,20,0,5,156,19595,0,18423,78045
Argenti0,32,20,0,5,1396,24570,0,353977,1118980
Bolivia (Pluri0tio0l State of),68,20,0,5,182,1865,0,19917,82970
Brazil,76,20,0,5,11953,41275,0,403761,139772
Chile,152,20,0,5,6904,7133,0,41627,214685
Colombia,170,20,0,5,332,4484,0,32839,68544
Ecuador,218,20,0,5,251,3128,0,29212,119369
Falkland Islands (Malvi0s),238,20,0,5,0,0,0,767,186
French Guia0,254,20,0,5,88,2084,0,21080,58347
Guya0,328,20,0,5,0,780,0,1514,7423
Paraguay,600,20,0,5,0,3580,0,11749,145701
Peru,604,20,0,5,182,5409,0,30280,40055
Suri0me,740,20,0,5,0,3836,0,2450,13469
Uruguay,858,20,0,5,0,0,0,38729,37636
Venezuela (Bolivarian Republic of),862,20,0,5,1837,36148,0,209497,816728
Bermuda,60,20,0,5,386,1176,0,13557,2176
Ca0da,124,20,0,5,383983,2489201,0,2458452,668525
Greenland,304,20,0,5,0,80,0,6259,0
Saint Pierre and Miquelon,666,20,0,5,0,0,0,1127,0
United States of America,840,20,0,5,1050424,9022189,0,6148004,19587219
Australia,36,20,0,5,264690,1492640,0,2869950,83760
New Zealand,554,20,0,5,54294,227657,0,389853,4243
Fiji,242,20,0,5,0,4890,0,2562,0
New Caledonia,540,20,0,5,2158,3362,0,31720,0
Papua New Guinea,598,20,0,5,34,11972,0,16130,0
Solomon Islands,90,20,0,5,0,569,0,609,0
Vanuatu,548,20,0,5,0,0,0,1279,0
Guam,316,20,0,5,0,36564,0,20983,2054
Kiribati,296,20,0,5,0,0,0,177,0
Marshall Islands,584,20,0,5,0,629,0,1053,0
Micronesia (Federated States of),583,20,0,5,0,198,0,234,0
0uru,520,20,0,5,0,481,0,186,0
Northern Maria0 Islands,580,20,0,5,0,27618,0,2764,1419
Palau,585,20,0,5,0,3809,0,540,0
American Samoa,16,20,0,5,0,1786,0,3544,0
Cook Islands,184,20,0,5,0,0,0,2667,0
French Polynesia,258,20,0,5,743,731,0,24081,0
Niue,570,20,0,5,0,0,0,198,0
Samoa,882,20,0,5,0,70,0,2775,0
Tokelau,772,20,0,5,0,0,0,114,0
Tonga,776,20,0,5,0,340,0,77,0
Tuvalu,798,20,0,5,0,0,0,23,0
Wallis and Futu0 Islands,876,20,0,5,60,0,0,710,0
Burundi,108,20,1,0,214957,0,0,745,0
Comoros,174,20,1,0,9912,0,0,486,0
Djibouti,262,20,1,0,95259,240,0,0,0
Eritrea,232,20,1,0,11287,250,0,485,0
Ethiopia,231,20,1,0,388505,118,0,0,0
Kenya,404,20,1,0,814544,0,0,0,0
Madagascar,450,20,1,0,9876,3209,0,8066,0
Malawi,454,20,1,0,166423,2419,0,1478,0
Mauritius,480,20,1,0,2520,18531,0,2338,0
Mayotte,175,20,1,0,61750,0,0,9498,0
Mozambique,508,20,1,0,130532,3579,0,4256,0
R<e9>union,638,20,1,0,29540,0,0,81294,0
Rwanda,646,20,1,0,417680,0,0,0,0
Seychelles,690,20,1,0,2010,8158,0,846,39
Somalia,706,20,1,0,1919,0,0,0,0
South Sudan,728,20,1,0,253710,1454,0,0,0
Uganda,800,20,1,0,515866,5699,0,4536,0
United Republic of Tanzania,834,20,1,0,288925,8264,0,4030,0
Zambia,894,20,1,0,122078,5637,0,3148,0
Zimbabwe,716,20,1,0,274068,0,0,12174,0
Angola,24,20,1,0,45810,0,0,11125,0
Cameroon,120,20,1,0,274589,0,0,5620,0
Central African Republic,140,20,1,0,54142,16,0,12366,0
Chad,148,20,1,0,404256,0,0,852,0
Congo,178,20,1,0,397828,1573,0,11348,403
Democratic Republic of the Congo,180,20,1,0,423968,0,0,0,0
Equatorial Guinea,226,20,1,0,2324,0,0,4672,0
Gabon,266,20,1,0,223361,1913,0,10319,0
Sao Tome and Principe,678,20,1,0,968,0,0,134,0
Algeria,12,20,1,0,115839,43528,0,8673,0
Egypt,818,20,1,0,54683,56444,0,39658,768
Libya,434,20,1,0,150969,221264,0,54774,855
Morocco,504,20,1,0,18308,3877,0,35742,0
Sudan,729,20,1,0,347281,2611,0,0,0
Tunisia,788,20,1,0,15900,1278,0,9965,0
Western Sahara,732,20,1,0,4079,0,0,233,0
Botswa0,72,20,1,0,81917,12325,0,11767,0
Lesotho,426,20,1,0,3189,564,0,87,0
0mibia,516,20,1,0,75308,4898,0,18056,1346
South Africa,710,20,1,0,1356943,79527,0,444190,7685
Swaziland,748,20,1,0,23971,0,0,312,0
Benin,204,20,1,0,164203,0,0,1532,0
Burki0 Faso,854,20,1,0,112430,0,0,0,0
Cabo Verde,132,20,1,0,9399,30,0,3050,435
C<f4>te d'Ivoire,384,20,1,0,2014493,0,0,0,0
Gambia,270,20,1,0,180372,0,0,0,0
Gha0,288,20,1,0,228699,1891,0,2682,11
Guinea,324,20,1,0,163927,6678,0,15978,1081
Guinea-Bissau,624,20,1,0,18662,0,0,1227,0
Liberia,430,20,1,0,63555,1583,0,1397,0
Mali,466,20,1,0,185549,542,0,19169,0
Mauritania,478,20,1,0,54460,1022,0,416,225
Niger,562,20,1,0,114944,0,0,0,0
Nigeria,566,20,1,0,825990,0,0,0,0
Saint Hele0,654,20,1,0,101,0,0,374,0
Senegal,686,20,1,0,194926,2377,0,14600,609
Sierra Leone,694,20,1,0,92489,2668,0,1257,0
Togo,768,20,1,0,230213,459,0,1397,0
Kazakhstan,398,20,1,0,0,478253,0,2856370,0
Kyrgyzstan,417,20,1,0,0,44289,0,182235,0
Tajikistan,762,20,1,0,187,34083,0,243554,25
Turkmenistan,795,20,1,0,0,121944,0,73493,0
Uzbekistan,860,20,1,0,0,60173,0,1079928,0
Chi0,156,20,1,0,0,579130,0,51730,76268
"Chi0, Hong Kong Special Administrative Region",344,20,1,0,0,2671394,0,77317,0
"Chi0, Macao Special Administrative Region",446,20,1,0,0,294199,0,1456,0
Democratic People's Republic of Korea,408,20,1,0,0,37056,0,2017,2999
Japan,392,20,1,0,6205,1641749,0,126220,290325
Mongolia,496,20,1,0,0,11375,0,4134,0
Republic of Korea,410,20,1,0,2742,772584,0,102110,0
Brunei Darussalam,96,20,1,0,0,96215,0,3367,0
Cambodia,116,20,1,0,0,77657,0,1062,0
Indonesia,360,20,1,0,0,194030,0,74278,0
Lao People's Democratic Republic,418,20,1,0,0,17062,0,17,0
Malaysia,458,20,1,0,926,2185921,0,32301,0
Myanmar,104,20,1,0,0,66565,0,0,0
Philippines,608,20,1,0,2936,71864,0,76005,1568
Singapore,702,20,1,0,0,1889185,0,30250,0
Thailand,764,20,1,0,148,3198511,0,24692,0
Timor-Leste,626,20,1,0,0,8311,0,1075,293
Viet 0m,704,20,1,0,0,50867,0,6501,0
Afghanistan,4,20,1,0,0,73174,0,0,0
Bangladesh,50,20,1,0,0,973729,0,101713,14109
Bhutan,64,20,1,0,0,44176,0,532,0
India,356,20,1,0,4890,5308996,0,15975,0
Iran (Islamic Republic of),364,20,1,0,0,2509220,0,0,0
Maldives,462,20,1,0,29,68312,0,1230,0
Nepal,524,20,1,0,0,556029,0,0,0
Pakistan,586,20,1,0,0,3938511,0,0,0
Sri Lanka,144,20,1,0,385,26340,0,10361,38
Armenia,51,20,1,0,0,179893,0,14848,0
Azerbaijan,31,20,1,0,0,239721,0,34690,0
Bahrain,48,20,1,0,83019,544574,0,4947,0
Cyprus,196,20,1,0,13696,53325,0,117956,692
Georgia,268,20,1,0,0,33931,0,144318,0
Iraq,368,20,1,0,20419,57653,0,272,0
Israel,376,20,1,0,335131,273686,0,673547,58020
Jordan,400,20,1,0,144742,787877,0,20460,365
Kuwait,414,20,1,0,225171,1513024,0,14802,0
Lebanon,422,20,1,0,99887,186007,0,1905,0
Oman,512,20,1,0,37339,739923,0,5838,0
Qatar,634,20,1,0,169539,1218152,0,9054,0
Saudi Arabia,682,20,1,0,1007410,7139654,0,0,0
State of Palestine,275,20,1,0,19239,207865,0,7904,0
Syrian Arab Republic,760,20,1,0,3301,1013911,0,0,0
Turkey,792,20,1,0,5061,111502,0,1133700,950
United Arab Emirates,784,20,1,0,930784,6045582,0,55500,0
Yemen,887,20,1,0,233283,13301,0,0,0
Belarus,112,20,1,0,73,131601,0,958157,231
Bulgaria,100,20,1,0,1234,15995,0,56541,694
Czech Republic,203,20,1,0,3998,82894,0,308648,1869
Hungary,348,20,1,0,5192,32192,0,386438,3057
Poland,616,20,1,0,3607,18867,0,610498,1603
Republic of Moldova,498,20,1,0,0,9392,0,143340,0
Romania,642,20,1,0,54,17434,0,125565,28
Russian Federation,643,20,1,0,9872,6712606,0,4465566,4200
Slovakia,703,20,1,0,783,5104,0,139261,471
Ukraine,804,20,1,0,1732,753568,0,3722333,0
Channel Islands,830,20,1,0,0,0,0,74628,0
Denmark,208,20,1,0,36277,185838,0,245938,14219
Estonia,233,20,1,0,168,11271,0,206156,197
Faeroe Islands,234,20,1,0,68,262,0,4305,59
Finland,246,20,1,0,22344,55577,0,162947,4959
Iceland,352,20,1,0,740,4573,0,28520,797
Ireland,372,20,1,0,45250,71606,0,600983,11785
Isle of Man,833,20,1,0,577,0,0,40800,0
Latvia,428,20,1,0,121,17749,0,295675,225
Lithuania,440,20,1,0,84,10637,0,149490,137
Norway,578,20,1,0,52553,158342,0,278699,22416
Sweden,752,20,1,0,112349,446733,0,652355,72257
United Kingdom of Great Britain and Northern Ireland,826,20,1,0,1259286,2703269,0,3126311,363734
Albania,8,20,1,0,0,1990,0,44949,0
Andorra,20,20,1,0,556,443,0,47374,1049
Bosnia and Herzegovi0,70,20,1,0,0,0,0,37841,0
Croatia,191,20,1,0,673,1287,0,550510,772
Gibraltar,292,20,1,0,933,0,0,7259,0
Greece,300,20,1,0,55056,285469,0,919075,7206
Holy See,336,20,1,0,0,0,0,0,0
Italy,380,20,1,0,997482,865477,0,3235903,607623
Malta,470,20,1,0,3624,2311,0,25435,138
Montenegro,499,20,1,0,0,79,0,78046,0
Portugal,620,20,1,0,264345,27728,0,269906,144405
San Marino,674,20,1,0,0,0,0,4099,93
Serbia,688,20,1,0,472,3938,0,820252,284
Slovenia,705,20,1,0,321,1715,0,250380,927
Spain,724,20,1,0,1062141,357008,0,2415356,2342774
The former Yugoslav Republic of Macedonia,807,20,1,0,1813,19770,0,106703,0
Austria,40,20,1,0,39453,261660,0,955661,17551
Belgium,56,20,1,0,153331,100340,0,764298,15832
France,250,20,1,0,3356390,907368,0,2537237,254267
Germany,276,20,1,0,400754,3870179,0,7103681,217279
Liechtenstein,438,20,1,0,48,825,0,20554,277
Luxembourg,442,20,1,0,535,1567,0,159243,414
Mo0co,492,20,1,0,0,0,0,10842,0
Netherlands,528,20,1,0,297160,604328,0,573630,251298
Switzerland,756,20,1,0,107227,237365,0,1494766,108705
Anguilla,660,20,1,0,0,0,0,1028,1909
Antigua and Barbuda,28,20,1,0,203,481,0,4060,14834
Aruba,533,20,1,0,0,2339,0,5096,21961
Bahamas,44,20,1,0,385,1832,0,13801,35953
Barbados,52,20,1,0,0,482,0,4053,14252
"Bo0ire, Sint Eustatius and Saba",535,20,1,0,0,134,0,2633,3884
British Virgin Islands,92,20,1,0,0,56,0,2244,5987
Cayman Islands,136,20,1,0,151,2458,0,6888,14275
Cuba,192,20,1,0,151,366,0,9867,3405
Cura<e7>ao,531,20,1,0,0,1540,0,10361,18976
Dominica,212,20,1,0,43,100,0,1345,2372
Dominican Republic,214,20,1,0,222,2649,0,43447,338547
Gre0da,308,20,1,0,0,0,0,225,4219
Guadeloupe,312,20,1,0,150,723,0,57614,26572
Haiti,332,20,1,0,0,640,0,12634,18803
Jamaica,388,20,1,0,0,1152,0,12514,6548
Martinique,474,20,1,0,99,301,0,45804,10889
Montserrat,500,20,1,0,0,0,0,250,323
Puerto Rico,630,20,1,0,36,1913,0,189479,95288
Saint Kitts and Nevis,659,20,1,0,0,0,0,0,2094
Saint Lucia,662,20,1,0,50,212,0,2007,4412
Saint Vincent and the Gre0dines,670,20,1,0,0,0,0,1275,1961
Sint Maarten (Dutch part),534,20,1,0,0,1333,0,1173,15677
Trinidad and Tobago,780,20,1,0,485,2096,0,9844,27486
Turks and Caicos Islands,796,20,1,0,0,0,0,1573,7408
United States Virgin Islands,850,20,1,0,0,0,0,16851,16510
Belize,84,20,1,0,38,2086,0,4583,38249
Costa Rica,188,20,1,0,157,4551,0,25264,361349
El Salvador,222,20,1,0,0,472,0,7004,32572
Guatemala,320,20,1,0,28,2510,0,10812,52444
Honduras,340,20,1,0,0,612,0,6310,20009
Mexico,484,20,1,0,1122,16437,0,810577,136313
Nicaragua,558,20,1,0,459,319,0,5473,29138
Pa0ma,591,20,1,0,200,24178,0,25762,105616
Argenti0,32,20,1,0,899,24175,0,271580,1355758
Bolivia (Pluri0tio0l State of),68,20,1,0,226,1985,0,25238,91625
Brazil,76,20,1,0,16632,50653,0,335541,158118
Chile,152,20,1,0,12873,8139,0,40632,305467
Colombia,170,20,1,0,364,4955,0,37561,79833
Ecuador,218,20,1,0,351,4388,0,41030,229810
Falkland Islands (Malvi0s),238,20,1,0,0,0,0,877,205
French Guia0,254,20,1,0,83,1828,0,21055,68497
Guya0,328,20,1,0,0,980,0,1902,9214
Paraguay,600,20,1,0,0,3410,0,11190,138819
Peru,604,20,1,0,195,5857,0,32814,43414
Suri0me,740,20,1,0,0,4526,0,2890,15890
Uruguay,858,20,1,0,0,0,0,33699,38078
Venezuela (Bolivarian Republic of),862,20,1,0,1808,38641,0,206968,1077674
Bermuda,60,20,1,0,567,1565,0,13165,2478
Ca0da,124,20,1,0,494819,3106590,0,2530838,790512
Greenland,304,20,1,0,0,189,0,5565,0
Saint Pierre and Miquelon,666,20,1,0,0,0,0,997,0
United States of America,840,20,1,0,1358963,10323218,0,6175274,21961447
Australia,36,20,1,0,362920,2160740,0,3056560,108970
New Zealand,554,20,1,0,63480,274295,0,421772,6772
Fiji,242,20,1,0,0,5250,0,2751,0
New Caledonia,540,20,1,0,2291,3574,0,37084,0
Papua New Guinea,598,20,1,0,28,10169,0,13680,0
Solomon Islands,90,20,1,0,0,564,0,481,0
Vanuatu,548,20,1,0,0,0,0,1528,0
Guam,316,20,1,0,0,34199,0,20425,3915
Kiribati,296,20,1,0,0,0,0,184,0
Marshall Islands,584,20,1,0,0,805,0,1346,0
Micronesia (Federated States of),583,20,1,0,0,194,0,225,0
0uru,520,20,1,0,0,451,0,175,0
Northern Maria0 Islands,580,20,1,0,0,17381,0,1994,1018
Palau,585,20,1,0,0,3649,0,517,0
American Samoa,16,20,1,0,0,2225,0,3279,0
Cook Islands,184,20,1,0,0,0,0,2808,0
French Polynesia,258,20,1,0,717,707,0,23640,0
Niue,570,20,1,0,0,0,0,208,0
Samoa,882,20,1,0,0,62,0,2427,0
Tokelau,772,20,1,0,0,0,0,191,0
Tonga,776,20,1,0,0,397,0,92,0
Tuvalu,798,20,1,0,0,0,0,19,0
Wallis and Futu0 Islands,876,20,1,0,70,0,0,849,0
Burundi,108,20,1,5,262062,0,0,907,0
Comoros,174,20,1,5,9872,0,0,482,0
Djibouti,262,20,1,5,105365,265,0,0,0
Eritrea,232,20,1,5,11479,254,0,492,0
Ethiopia,231,20,1,5,627694,145,0,0,0
Kenya,404,20,1,5,931572,0,0,0,0
Madagascar,450,20,1,5,10953,3560,0,8950,0
Malawi,454,20,1,5,164464,2390,0,1460,0
Mauritius,480,20,1,5,2899,21326,0,2684,0
Mayotte,175,20,1,5,65346,0,0,10050,0
Mozambique,508,20,1,5,135586,3716,0,4420,0
R<e9>union,638,20,1,5,30544,0,0,84056,0
Rwanda,646,20,1,5,432675,0,0,0,0
Seychelles,690,20,1,5,2254,9150,0,949,43
Somalia,706,20,1,5,2113,0,0,0,0
South Sudan,728,20,1,5,820058,1414,0,0,0
Uganda,800,20,1,5,691970,5661,0,4502,0
United Republic of Tanzania,834,20,1,5,240772,8678,0,4188,0
Zambia,894,20,1,5,95488,7829,0,4024,0
Zimbabwe,716,20,1,5,249789,0,0,7560,0
Angola,24,20,1,5,63941,0,0,15528,0
Cameroon,120,20,1,5,373981,0,0,5394,0
Central African Republic,140,20,1,5,47267,14,0,10795,0
Chad,148,20,1,5,501261,0,0,1056,0
Congo,178,20,1,5,363994,2091,0,15082,536
Democratic Republic of the Congo,180,20,1,5,412919,0,0,0,0
Equatorial Guinea,226,20,1,5,2906,0,0,5840,0
Gabon,266,20,1,5,245692,2103,0,11350,0
Sao Tome and Principe,678,20,1,5,857,0,0,118,0
Algeria,12,20,1,5,114622,43070,0,8582,0
Egypt,818,20,1,5,67367,205330,0,47039,912
Libya,434,20,1,5,170202,249453,0,61744,963
Morocco,504,20,1,5,24546,5198,0,41348,0
Sudan,729,20,1,5,342169,2388,0,0,0
Tunisia,788,20,1,5,20588,1870,0,12909,0
Western Sahara,732,20,1,5,4699,0,0,268,0
Botswa0,72,20,1,5,108836,16374,0,15634,0
Lesotho,426,20,1,5,3266,577,0,89,0
0mibia,516,20,1,5,69031,4483,0,16542,1231
South Africa,710,20,1,5,2022886,107737,0,578424,9993
Swaziland,748,20,1,5,24100,0,0,355,0
Benin,204,20,1,5,192554,0,0,1797,0
Burki0 Faso,854,20,1,5,117563,0,0,0,0
Cabo Verde,132,20,1,5,9761,31,0,3165,452
C<f4>te d'Ivoire,384,20,1,5,2091618,0,0,0,0
Gambia,270,20,1,5,186955,0,0,0,0
Gha0,288,20,1,5,271081,2241,0,3179,13
Guinea,324,20,1,5,182560,7434,0,17789,1202
Guinea-Bissau,624,20,1,5,19789,0,0,1301,0
Liberia,430,20,1,5,64702,1670,0,809,0
Mali,466,20,1,5,201775,584,0,20679,0
Mauritania,478,20,1,5,103556,1041,0,416,225
Niger,562,20,1,5,156001,0,0,0,0
Nigeria,566,20,1,5,1076442,0,0,0,0
Saint Hele0,654,20,1,5,116,0,0,384,0
Senegal,686,20,1,5,200369,2443,0,15007,626
Sierra Leone,694,20,1,5,86274,2655,0,1250,0
Togo,768,20,1,5,247817,517,0,1287,0
Kazakhstan,398,20,1,5,0,508681,0,3038097,0
Kyrgyzstan,417,20,1,5,0,39096,0,160885,0
Tajikistan,762,20,1,5,184,32615,0,241958,23
Turkmenistan,795,20,1,5,0,120961,0,72899,0
Uzbekistan,860,20,1,5,0,56574,0,1037434,0
Chi0,156,20,1,5,0,666485,0,59530,87772
"Chi0, Hong Kong Special Administrative Region",344,20,1,5,0,2727819,0,78947,0
"Chi0, Macao Special Administrative Region",446,20,1,5,0,316547,0,1566,0
Democratic People's Republic of Korea,408,20,1,5,0,40803,0,2220,3302
Japan,392,20,1,5,5855,1595806,0,122437,235679
Mongolia,496,20,1,5,0,12478,0,4537,0
Republic of Korea,410,20,1,5,2788,1152128,0,128713,0
Brunei Darussalam,96,20,1,5,0,98269,0,3438,0
Cambodia,116,20,1,5,0,70066,0,958,0
Indonesia,360,20,1,5,0,208916,0,79976,0
Lao People's Democratic Republic,418,20,1,5,0,17916,0,17,0
Malaysia,458,20,1,5,967,2284253,0,33753,0
Myanmar,104,20,1,5,0,63860,0,0,0
Philippines,608,20,1,5,2982,72895,0,77195,1590
Singapore,702,20,1,5,0,2225098,0,35928,0
Thailand,764,20,1,5,167,3888236,0,23764,0
Timor-Leste,626,20,1,5,0,8194,0,1058,288
Viet 0m,704,20,1,5,0,59668,0,7822,0
Afghanistan,4,20,1,5,0,364151,0,0,0
Bangladesh,50,20,1,5,0,1029640,0,107552,14919
Bhutan,64,20,1,5,0,46627,0,562,0
India,356,20,1,5,4714,5118502,0,15402,0
Iran (Islamic Republic of),364,20,1,5,0,2484128,0,0,0
Maldives,462,20,1,5,49,87067,0,1565,0
Nepal,524,20,1,5,0,497086,0,0,0
Pakistan,586,20,1,5,0,3625927,0,0,0
Sri Lanka,144,20,1,5,382,26260,0,10107,37
Armenia,51,20,1,5,0,144414,0,25330,0
Azerbaijan,31,20,1,5,0,228661,0,33090,0
Bahrain,48,20,1,5,94656,591180,0,5017,0
Cyprus,196,20,1,5,14296,55663,0,123132,723
Georgia,268,20,1,5,0,31437,0,133704,0
Iraq,368,20,1,5,20474,294924,0,273,0
Israel,376,20,1,5,345631,282260,0,694648,59837
Jordan,400,20,1,5,143038,812198,0,9582,171
Kuwait,414,20,1,5,455331,2260382,0,19947,0
Lebanon,422,20,1,5,84058,1394623,0,1605,0
Oman,512,20,1,5,94405,1647519,0,10717,0
Qatar,634,20,1,5,193914,1445823,0,7632,0
Saudi Arabia,682,20,1,5,1217259,8625388,0,0,0
State of Palestine,275,20,1,5,19051,205831,0,7826,0
Syrian Arab Republic,760,20,1,5,3100,255400,0,0,0
Turkey,792,20,1,5,7088,1688476,0,1150839,958
United Arab Emirates,784,20,1,5,1094488,6789018,0,58016,0
Yemen,887,20,1,5,290610,12766,0,0,0
Belarus,112,20,1,5,78,130545,0,951703,240
Bulgaria,100,20,1,5,1434,20619,0,77624,811
Czech Republic,203,20,1,5,4986,81421,0,315642,2606
Hungary,348,20,1,5,6214,33201,0,396661,3477
Poland,616,20,1,5,3477,18186,0,588621,1544
Republic of Moldova,498,20,1,5,0,8513,0,129918,0
Romania,642,20,1,5,2016,16991,0,184452,346
Russian Federation,643,20,1,5,10063,6840663,0,4785716,4282
Slovakia,703,20,1,5,957,6208,0,168584,578
Ukraine,804,20,1,5,1737,756081,0,3734805,0
Channel Islands,830,20,1,5,0,0,0,79174,0
Denmark,208,20,1,5,39708,203118,0,284007,15780
Estonia,233,20,1,5,160,10471,0,191440,185
Faeroe Islands,234,20,1,5,103,403,0,4487,57
Finland,246,20,1,5,35496,89200,0,182130,7449
Iceland,352,20,1,5,969,5179,0,29939,945
Ireland,372,20,1,5,46221,73145,0,613920,12039
Isle of Man,833,20,1,5,601,0,0,42465,0
Latvia,428,20,1,5,91,14867,0,247979,181
Lithuania,440,20,1,5,72,9007,0,126481,117
Norway,578,20,1,5,81534,199062,0,416804,27582
Sweden,752,20,1,5,164554,573510,0,715888,79552
United Kingdom of Great Britain and Northern Ireland,826,20,1,5,1414677,3036895,0,3512151,408602
Albania,8,20,1,5,0,2172,0,49063,0
Andorra,20,20,1,5,441,399,0,37775,841
Bosnia and Herzegovi0,70,20,1,5,0,0,0,33950,0
Croatia,191,20,1,5,676,1293,0,554006,776
Gibraltar,292,20,1,5,996,0,0,7745,0
Greece,300,20,1,5,53875,279345,0,899362,7051
Holy See,336,20,1,5,0,0,0,0,0
Italy,380,20,1,5,997650,865625,0,3236454,607726
Malta,470,20,1,5,4538,2888,0,31831,171
Montenegro,499,20,1,5,0,88,0,81480,0
Portugal,620,20,1,5,290138,30437,0,296242,158493
San Marino,674,20,1,5,0,0,0,4446,94
Serbia,688,20,1,5,458,3840,0,801754,275
Slovenia,705,20,1,5,440,2037,0,231924,1028
Spain,724,20,1,5,961301,360188,0,2308584,2130025
The former Yugoslav Republic of Macedonia,807,20,1,5,1964,19922,0,107316,0
Austria,40,20,1,5,46133,306035,0,1117728,20531
Belgium,56,20,1,5,209737,152659,0,981167,23510
France,250,20,1,5,3630599,981498,0,2744522,275042
Germany,276,20,1,5,414564,4003569,0,7348514,224771
Liechtenstein,438,20,1,5,52,884,0,21827,326
Luxembourg,442,20,1,5,820,2401,0,243376,631
Mo0co,492,20,1,5,0,0,0,10795,0
Netherlands,528,20,1,5,312931,631814,0,664970,261180
Switzerland,756,20,1,5,125985,278924,0,1756588,127735
Anguilla,660,20,1,5,0,0,0,1102,2047
Antigua and Barbuda,28,20,1,5,216,512,0,4317,15772
Aruba,533,20,1,5,0,2461,0,5361,23104
Bahamas,44,20,1,5,417,1985,0,14954,38954
Barbados,52,20,1,5,0,506,0,4256,14967
"Bo0ire, Sint Eustatius and Saba",535,20,1,5,0,151,0,2990,4411
British Virgin Islands,92,20,1,5,0,62,0,2496,6661
Cayman Islands,136,20,1,5,144,2423,0,6792,14089
Cuba,192,20,1,5,136,329,0,8882,3065
Cura<e7>ao,531,20,1,5,0,1671,0,11255,20614
Dominica,212,20,1,5,50,116,0,1567,2766
Dominican Republic,214,20,1,5,234,2796,0,45855,357333
Gre0da,308,20,1,5,0,0,0,227,4267
Guadeloupe,312,20,1,5,156,750,0,59777,27569
Haiti,332,20,1,5,0,721,0,14224,21173
Jamaica,388,20,1,5,0,1127,0,12245,6406
Martinique,474,20,1,5,102,311,0,47463,11285
Montserrat,500,20,1,5,0,0,0,263,340
Puerto Rico,630,20,1,5,35,1647,0,168257,87941
Saint Kitts and Nevis,659,20,1,5,0,0,0,0,2148
Saint Lucia,662,20,1,5,51,221,0,2118,4655
Saint Vincent and the Gre0dines,670,20,1,5,0,0,0,1296,2002
Sint Maarten (Dutch part),534,20,1,5,0,1389,0,1222,16334
Trinidad and Tobago,780,20,1,5,502,2171,0,10196,28471
Turks and Caicos Islands,796,20,1,5,0,0,0,1605,8133
United States Virgin Islands,850,20,1,5,0,0,0,16861,16518
Belize,84,20,1,5,44,2423,0,5324,44438
Costa Rica,188,20,1,5,159,4730,0,26281,375881
El Salvador,222,20,1,5,0,492,0,7302,33963
Guatemala,320,20,1,5,32,2885,0,12436,60321
Honduras,340,20,1,5,0,629,0,6483,20591
Mexico,484,20,1,5,1461,24388,0,963281,196721
Nicaragua,558,20,1,5,491,341,0,5942,31414
Pa0ma,591,20,1,5,235,28396,0,30257,124039
Argenti0,32,20,1,5,901,27198,0,310867,1570192
Bolivia (Pluri0tio0l State of),68,20,1,5,258,2308,0,29379,106667
Brazil,76,20,1,5,20029,60993,0,404061,190404
Chile,152,20,1,5,21171,13385,0,66778,364268
Colombia,170,20,1,5,391,5309,0,40238,85527
Ecuador,218,20,1,5,508,6375,0,59665,248549
Falkland Islands (Malvi0s),238,20,1,5,0,0,0,959,224
French Guia0,254,20,1,5,83,2047,0,21182,79380
Guya0,328,20,1,5,0,1149,0,2229,10799
Paraguay,600,20,1,5,0,3327,0,10918,135494
Peru,604,20,1,5,208,6324,0,35457,46923
Suri0me,740,20,1,5,0,5338,0,3409,18740
Uruguay,858,20,1,5,0,0,0,29855,38446
Venezuela (Bolivarian Republic of),862,20,1,5,1844,41225,0,212963,1141781
Bermuda,60,20,1,5,575,1583,0,13335,2510
Ca0da,124,20,1,5,552993,3471815,0,2828378,883447
Greenland,304,20,1,5,0,298,0,5150,0
Saint Pierre and Miquelon,666,20,1,5,0,0,0,967,0
United States of America,840,20,1,5,1643415,11632882,0,6367686,23517084
Australia,36,20,1,5,416640,2559292,0,3424942,127354
New Zealand,554,20,1,5,71655,316551,0,446945,9198
Fiji,242,20,1,5,0,5407,0,2834,0
New Caledonia,540,20,1,5,2407,3761,0,38981,0
Papua New Guinea,598,20,1,5,28,10319,0,13869,0
Solomon Islands,90,20,1,5,0,525,0,449,0
Vanuatu,548,20,1,5,0,0,0,1590,0
Guam,316,20,1,5,0,34506,0,20608,3950
Kiribati,296,20,1,5,0,0,0,201,0
Marshall Islands,584,20,1,5,0,859,0,1430,0
Micronesia (Federated States of),583,20,1,5,0,193,0,220,0
0uru,520,20,1,5,0,817,0,171,0
Northern Maria0 Islands,580,20,1,5,0,15568,0,1785,911
Palau,585,20,1,5,0,3575,0,505,0
American Samoa,16,20,1,5,0,2193,0,3232,0
Cook Islands,184,20,1,5,0,0,0,3090,0
French Polynesia,258,20,1,5,681,670,0,22461,0
Niue,570,20,1,5,0,0,0,212,0
Samoa,882,20,1,5,0,59,0,2335,0
Tokelau,772,20,1,5,0,0,0,218,0
Tonga,776,20,1,5,0,451,0,110,0
Tuvalu,798,20,1,5,0,0,0,17,0
Wallis and Futu0 Islands,876,20,1,5,93,0,0,614,0
